"a","b","lift_a_to_b","lift_b_to_a","delta_lift","acc_a_to_b","acc_b_to_a","delta_acc"
"chr16","chrY","0,958960728373696","0,993345488429943","0,034384760056","0,960623531682091","0,994886833425708","0,034263301744"
"chr17","chrY","0,95926000354802","0,993273431119268","0,034013427571","0,961024445839014","0,994814776115033","0,033790330276"
"chr20","chrY","0,95765358645909","0,991241061612408","0,033587475153","0,959009691768846","0,992782406608173","0,033772714839"
"chr22","chrY","0,95116123413596","0,983404355845501","0,03224312171","0,952798062806586","0,984945700841266","0,032147638035"
"chr9","chrY","0,962601652540241","0,994672806807662","0,032071154267","0,963549541967939","0,996214151803427","0,032664609835"
"chr10","chrY","0,964342291965311","0,995787234321793","0,031444942356","0,965535582255049","0,997328579317558","0,031792997063"
"chr19","chrY","0,957487572431763","0,988112815247579","0,030625242816","0,959745305079097","0,989654160243344","0,029908855164"
"chr12","chrY","0,965640879117996","0,995220619041706","0,029579739924","0,966593654364136","0,996761964037471","0,030168309673"
"chr14","chrY","0,96416054626634","0,993029622495409","0,028869076229","0,96529869928734","0,994570967491174","0,029272268204"
"chr5","chrY","0,968537619109101","0,996167081090849","0,027629461982","0,969575106596791","0,997708426086614","0,02813331949"
"chr7","chrY","0,969183987579363","0,996236488307786","0,027052500728","0,97034378826525","0,997777833303551","0,027434045038"
"chr15","chrY","0,965876570785047","0,992860142691142","0,026983571906","0,96712560991377","0,994401487686907","0,027275877773"
"chr1","chrY","0,970491181147766","0,997210208463945","0,026719027316","0,971694618022324","0,99875155345971","0,027056935437"
"chr11","chrY","0,968938170294635","0,995652079541175","0,026713909247","0,970012252214752","0,99719342453694","0,027181172322"
"chr2","chrY","0,970624444730797","0,997291730395111","0,026667285664","0,971706696997814","0,998833075390876","0,027126378393"
"chr8","chrY","0,969299240248608","0,995894878605516","0,026595638357","0,970355413102314","0,99743622360128","0,027080810499"
"chr6","chrY","0,970295171308258","0,996286209114101","0,025991037806","0,971409932394078","0,997827554109866","0,026417621716"
"chr21","chrY","0,956321100090501","0,981703500445721","0,025382400355","0,95728789335689","0,983244845441485","0,025956952085"
"chr13","chrY","0,969056986256296","0,993266995177334","0,024210008921","0,970180312586814","0,994808340173099","0,024628027586"
"chr3","chrY","0,972943491050652","0,99671830058827","0,023774809538","0,974046656032516","0,998259645584035","0,024212989552"
"chr18","chrY","0,968513018455333","0,991881879517148","0,023368861062","0,969625033192296","0,993423224512913","0,023798191321"
"chrX","chrY","0,972589901838403","0,99544764373856","0,0228577419","0,973693677757043","0,996988988734325","0,023295310977"
"chr4","chrY","0,973901411845046","0,996386407896371","0,022484996051","0,975025701474182","0,997927752892136","0,022902051418"
"chr16","chr21","0,971694571294362","0,99117114111706","0,019476569823","0,973357374602758","0,992137934383449","0,018780559781"
"chr17","chr21","0,971822991850449","0,991231674831512","0,019408682981","0,973587434141444","0,992198468097901","0,018611033956"
"chr10","chr21","0,975974308414537","0,993666327522651","0,017692019108","0,977167598704275","0,99463312078904","0,017465522085"
"chr19","chr21","0,969897886693112","0,98699764084815","0,017099754155","0,972155619340446","0,98796443411454","0,015808814774"
"chr21","chr9","0,991639778499822","0,974738540111792","0,016901238388","0,992606571766211","0,975686429539489","0,016920142227"
"chr1","chr21","0,980717646678541","0,996767017374174","0,016049370696","0,981921083553099","0,997733810640563","0,015812727087"
"chr20","chr21","0,970864796290191","0,986763155855356","0,015898359565","0,972220901599948","0,987729949121746","0,015509047522"
"chr2","chr21","0,980831926624793","0,996520891282447","0,015688964658","0,98191417889181","0,997487684548836","0,015573505657"
"chr12","chr21","0,976954280858864","0,992382064858216","0,015427783999","0,977907056105005","0,993348858124606","0,01544180202"
"chr21","chr7","0,994800253709436","0,979646894453965","0,015153359255","0,995767046975825","0,980806695139852","0,014960351836"
"chr21","chr5","0,994029363507949","0,97932893805787","0,01470042545","0,994996156774338","0,980366425545561","0,014629731229"
"chr11","chr21","0,979665535597701","0,994184356425172","0,014518820827","0,980739617517818","0,995151149691561","0,014411532174"
"chr21","chr8","0,993805355504194","0,979923597740577","0,013881757764","0,994772148770584","0,980979770594283","0,013792378176"
"chr21","chr6","0,994466736225004","0,98059615248969","0,013870583735","0,995433529491394","0,98171091357551","0,013722615916"
"chr21","chr22","0,979130918792026","0,965694611131678","0,01343630766","0,980097712058416","0,967331439802304","0,012766272256"
"chr1","chr22","0,9832441554454","0,995904736213853","0,012660580768","0,984447592319958","0,997541564884479","0,013093972565"
"chr21","chr3","0,995223158203532","0,982610508236643","0,012612649967","0,996189951469922","0,983713673218507","0,012476278251"
"chr14","chr21","0,975965773849834","0,988572348930965","0,012606575081","0,977103926870834","0,989539142197354","0,012435215327"
"chr15","chr21","0,977307350305421","0,989583128921179","0,012275778616","0,978556389434143","0,990549922187569","0,011993532753"
"chr2","chr22","0,983413617929004","0,995546879449003","0,01213326152","0,984495870196021","0,997183708119629","0,012687837924"
"chr21","chr4","0,994587221598962","0,983235733343255","0,011351488256","0,995554014865351","0,984360022972392","0,011193991893"
"chr22","chr7","0,99367800569251","0,98278281417442","0,010895191518","0,995314834363136","0,983942614860307","0,011372219503"
"chr10","chr22","0,981456850209401","0,992332382538667","0,010875532329","0,982650140499138","0,993969211209293","0,01131907071"
"chr21","chrX","0,992589026967105","0,982173405585571","0,010415621382","0,993555820233494","0,983277181504211","0,010278638729"
"chr16","chr22","0,979667046537304","0,990064793014677","0,010397746477","0,981329849845699","0,991701621685303","0,01037177184"
"chr11","chr22","0,982736071932517","0,993088699702249","0,01035262777","0,983810153852634","0,994725528372875","0,01091537452"
"chr22","chr6","0,993226769082027","0,982942542404343","0,010284226678","0,994863597752653","0,984057303490163","0,010806294262"
"chr22","chr3","0,994095703871654","0,983999892713962","0,010095811158","0,99573253254228","0,985103057695826","0,010629474846"
"chr17","chr22","0,980148215242824","0,990232144679685","0,010083929437","0,981912657533819","0,991868973350311","0,009956315816"
"chr22","chr5","0,992559490495047","0,982952972438063","0,009606518057","0,994196319165673","0,983990459925754","0,01020585924"
"chr22","chr8","0,992480922037873","0,983128565432441","0,009352356605","0,994117750708499","0,984184738286146","0,009933012422"
"chr22","chr4","0,993254519154658","0,984005280003207","0,009249239151","0,994891347825284","0,985129569632344","0,009761778193"
"chr13","chr21","0,979574205569807","0,988246065558013","0,008671859988","0,980697531900325","0,989212858824402","0,008515326924"
"chr12","chr22","0,982302365671709","0,990848775127967","0,008546409456","0,98325514091785","0,992485603798593","0,009230462881"
"chr22","chr9","0,990024189380796","0,981698286792427","0,008325902588","0,991661018051422","0,982646176220125","0,009014841831"
"chr18","chr21","0,979214422645511","0,986797996001449","0,007583573356","0,980326437382474","0,987764789267838","0,007438351885"
"chr22","chrX","0,990965648900122","0,983926534878534","0,007039114022","0,992602477570748","0,985030310797173","0,007572166774"
"chr1","chr19","0,988527750963628","0,995564045589054","0,007036294625","0,989731187838186","0,997821778236388","0,008090590398"
"chr19","chr22","0,979634433597033","0,986614675855743","0,006980242259","0,981892166244367","0,988251504526369","0,006359338282"
"chr19","chr2","0,99523442335302","0,988688246647537","0,006546176705","0,997492156000354","0,989770498914554","0,007721657086"
"chr15","chr22","0,981880504888112","0,988032993985129","0,006152489097","0,983129544016834","0,989669822655755","0,006540278639"
"chr10","chr18","0,98963851528634","0,995356533117795","0,005718017831","0,990831805576077","0,996468547854758","0,005636742279"
"chr1","chr20","0,990901476325334","0,9965098559778","0,005608379652","0,992104913199892","0,997865961287557","0,005761048088"
"chr1","chr18","0,991743274706341","0,997332213466208","0,00558893876","0,9929467115809","0,998444228203171","0,005497516622"
"chr17","chr18","0,987216114714316","0,992801496337818","0,005585381624","0,988980557005311","0,993913511074781","0,004932954069"
"chr16","chr18","0,987281803924816","0,992860264389641","0,005578460465","0,988944607233211","0,993972279126604","0,005027671893"
"chr20","chr22","0,979582362936611","0,985116086810739","0,005533723874","0,980938468246367","0,986752915481365","0,005814447235"
"chr18","chr2","0,997288720113407","0,991824893634072","0,005463826479","0,99840073485037","0,992907145901089","0,005493588949"
"chr19","chr7","0,993675006164375","0,988374252030569","0,005300754134","0,995932738811709","0,989534052716455","0,006398686095"
"chr2","chr20","0,991013190576545","0,996310772169929","0,005297581593","0,992095442843563","0,997666877479686","0,005571434636"
"chr19","chr3","0,994040220072893","0,98887509748037","0,005165122593","0,996297952720228","0,989978262462234","0,006319690258"
"chr14","chr22","0,981547633419035","0,986623784008416","0,005076150589","0,982685786440035","0,988260612679042","0,005574826239"
"chr19","chr6","0,993356164098372","0,988326650888182","0,00502951321","0,995613896745706","0,989441411974003","0,006172484772"
"chr18","chr9","0,994160653207729","0,989194449171773","0,004966204036","0,995272667944691","0,990142338599471","0,005130329345"
"chr11","chr19","0,988256803447964","0,993141872570291","0,004885069122","0,989330885368081","0,995399605217625","0,00606871985"
"chr18","chr7","0,996050637083973","0,991222318413306","0,004828318671","0,997162651820936","0,992382119099193","0,004780532722"
"chr10","chr19","0,987751377695487","0,992526262119777","0,004774884424","0,988944667985224","0,994783994767112","0,005839326782"
"chr18","chr5","0,995837998290233","0,991239374593907","0,004598623696","0,996950013027196","0,992276862081598","0,004673150946"
"chr19","chr4","0,993377097021131","0,988835381150978","0,00454171587","0,995634829668465","0,989959670780115","0,005675158888"
"chr12","chr18","0,99017100481723","0,994698139483391","0,004527134666","0,99112378006337","0,995810154220354","0,004686374157"
"chr10","chr20","0,98915845769944","0,993602106378626","0,004443648679","0,990351747989177","0,994958211688383","0,004606463699"
"chr18","chr6","0,996042354617745","0,991624347758735","0,004418006859","0,997154369354708","0,992739108844556","0,00441526051"
"chr10","chr13","0,991011777144321","0,995425081720119","0,004413304576","0,992205067434058","0,996548408050637","0,004343340617"
"chr1","chr13","0,99301727483665","0,997348718526876","0,00433144369","0,994220711711208","0,998472044857394","0,004251333146"
"chr13","chr17","0,992895862478186","0,988585595611229","0,004310266867","0,994019188808703","0,990350037902224","0,003669150906"
"chr13","chr2","0,997331334524608","0,993061404956613","0,004269929568","0,998454660855126","0,99414365722363","0,004311003631"
"chr13","chr16","0,99296784789658","0,988745680411225","0,004222167485","0,994091174227097","0,99040848371962","0,003682690507"
"chr20","chr7","0,994658360925651","0,990461188729024","0,004197172197","0,996014466235407","0,991620989414911","0,00439347682"
"chr1","chr14","0,992949040067101","0,997145195407226","0,00419615534","0,994152476941659","0,998283348428227","0,004130871487"
"chr19","chr5","0,992735534309431","0,988548376481403","0,004187157828","0,994993266956765","0,989585863969094","0,005407402988"
"chr1","chr15","0,992997345308791","0,997132912515789","0,004135567207","0,994200782183349","0,998381951644511","0,004181169461"
"chr19","chr8","0,992654882666975","0,988559025406886","0,00409585726","0,99491261531431","0,989615198260591","0,005297417054"
"chr17","chr20","0,987200678055249","0,991290044308267","0,004089366253","0,988965120346244","0,992646149618024","0,003681029272"
"chr11","chr18","0,991441834189997","0,995489760124795","0,004047925935","0,992515916110114","0,996601774861758","0,004085858752"
"chr18","chr8","0,995552856701681","0,991508618930002","0,004044237772","0,996664871438644","0,992564791783707","0,004100079655"
"chr16","chr20","0,987166775162328","0,991169520149116","0,004002744987","0,988829578470723","0,992525625458873","0,003696046988"
"chr14","chr2","0,997012219502917","0,993015301841474","0,003996917661","0,998150372523917","0,994097554108491","0,004052818415"
"chr15","chr2","0,99708132211162","0,993096643977292","0,003984678134","0,998330361240342","0,994178896244309","0,004151464996"
"chr18","chr3","0,996542382503436","0,992595378818822","0,003947003685","0,997654397240399","0,993698543800686","0,00395585344"
"chr13","chr22","0,982277400912718","0,986034478018154","0,003757077105","0,983400727243235","0,98767130668878","0,004270579446"
"chr13","chr9","0,994253651712093","0,990528084956817","0,003725566755","0,99537697804261","0,991475974384515","0,003901003658"
"chr10","chr14","0,9910853666306","0,994799070574615","0,003713703944","0,992278656920337","0,995937223595615","0,003658566675"
"chr20","chr6","0,994435297397533","0,990722860994473","0,003712436403","0,99579140270729","0,991837622080293","0,003953780627"
"chr13","chr7","0,996119727399793","0,992501093446382","0,003618633953","0,997243053730311","0,993660894132269","0,003582159598"
"chr16","chr19","0,986828086152835","0,990426182329408","0,003598096177","0,98849088946123","0,992683914976742","0,004193025516"
"chr14","chr17","0,992468330167135","0,988928337682063","0,003539992485","0,993606483188136","0,990692779973057","0,002913703215"
"chr11","chr20","0,990587771818915","0,994099841963218","0,003512070144","0,991661853739032","0,995455947272974","0,003794093534"
"chr10","chr15","0,991503065757509","0,995011444208778","0,003508378451","0,992696356047246","0,996260483337501","0,00356412729"
"chr20","chr3","0,995115904413916","0,991636417309976","0,003479487104","0,996472009723672","0,99273958229184","0,003732427432"
"chr14","chr16","0,992421808843291","0,988978060514827","0,003443748328","0,993559961864292","0,990640863823222","0,002919098041"
"chr13","chr5","0,995919045933297","0,992534532943335","0,00338451299","0,997042372263814","0,993572020431026","0,003470351833"
"chr20","chr5","0,993929950858255","0,990567926108706","0,00336202475","0,995286056168011","0,991605413596397","0,003680642572"
"chr18","chr4","0,996128966739447","0,992797351032327","0,003331615707","0,99724098147641","0,993921640661463","0,003319340815"
"chr17","chr19","0,98728578067828","0,990606365171358","0,003320584493","0,989050222969274","0,992864097818692","0,003813874849"
"chr12","chr13","0,99153085331858","0,994782315890659","0,003251462572","0,99248362856472","0,995905642221176","0,003422013656"
"chr14","chr7","0,995644588274507","0,992463119787101","0,003181468487","0,996782741295507","0,993622920472988","0,003159820823"
"chr13","chr6","0,996113501817768","0,992934489446616","0,003179012371","0,997236828148285","0,994049250532436","0,003187577616"
"chr15","chr7","0,995763600795973","0,992647641157433","0,003115959639","0,997012639924695","0,99380744184332","0,003205198081"
"chr20","chr8","0,993768921823818","0,990759719386362","0,003009202437","0,995125027133575","0,991815892240068","0,003309134894"
"chr1","chr16","0,993334614241788","0,996261707833626","0,002927093592","0,994538051116346","0,997924511142021","0,003386460026"
"chr1","chr17","0,993308552551511","0,996225897656799","0,002917345105","0,994511989426069","0,997990339947794","0,003478350522"
"chr12","chr19","0,988429270076768","0,991335081850295","0,002905811774","0,989382045322909","0,993592814497629","0,004210769175"
"chr18","chr20","0,990052799681687","0,987165636685552","0,002887162996","0,99116481441865","0,988521741995309","0,002643072423"
"chr13","chr8","0,995632328964381","0,992761198028358","0,002871130936","0,996755655294898","0,993817370882063","0,002938284413"
"chr11","chr13","0,992737942594224","0,995570787555177","0,002832844961","0,99381202451434","0,996694113885695","0,002882089371"
"chr15","chr6","0,995734733798831","0,992912636766176","0,002822097033","0,996983772927553","0,994027397851997","0,002956375076"
"chr15","chr16","0,99255310237714","0,989763458813428","0,002789643564","0,993802141505862","0,991426262121823","0,002375879384"
"chr12","chr20","0,989667489826423","0,992444667838128","0,002777178012","0,990620265072564","0,993800773147885","0,003180508075"
"chr13","chr3","0,996584502818556","0,993829437478237","0,00275506534","0,997707829149073","0,994932602460101","0,002775226689"
"chr15","chr17","0,992567516184717","0,989824668898738","0,002742847286","0,993816555313439","0,991589111189733","0,002227444124"
"chr20","chr4","0,994492066778725","0,991749388936176","0,002742677843","0,995848172088481","0,992873678565312","0,002974493523"
"chr20","chr9","0,991699993264826","0,988962382805664","0,002737610459","0,993056098574583","0,989910272233362","0,003145826341"
"chr15","chr5","0,995471307681665","0,992735638320438","0,002735669361","0,996720346810388","0,993773125808129","0,002947221002"
"chr14","chr6","0,995545215193511","0,992830929300033","0,002714285893","0,996683368214512","0,993945690385853","0,002737677829"
"chr14","chr5","0,995217320831071","0,992529678168321","0,002687642663","0,996355473852072","0,993567165656012","0,002788308196"
"chr15","chr3","0,996282576632721","0,993640795105307","0,002641781527","0,997531615761443","0,994743960087171","0,002787655674"
"chr14","chr9","0,993380575050673","0,99076214929966","0,002618425751","0,994518728071673","0,991710038727358","0,002808689344"
"chr19","chrX","0,991542756977722","0,98892561327191","0,002617143706","0,993800489625056","0,99002938919055","0,003771100435"
"chr16","chr2","0,996063758939483","0,993462351014153","0,002601407925","0,997726562247878","0,99454460328117","0,003181958967"
"chr1","chr9","0,99467625617311","0,997252946208281","0,002576690035","0,995879693047668","0,998200835635979","0,002321142588"
"chr17","chr2","0,995991131800165","0,993429079724868","0,002562052075","0,99775557409116","0,994511331991886","0,003244242099"
"chr14","chr18","0,989626848928184","0,992186762537947","0,00255991361","0,990765001949185","0,99329877727491","0,002533775326"
"chr18","chrX","0,994957351541995","0,992457093643303","0,002500257899","0,996069366278958","0,993560869561943","0,002508496717"
"chr11","chr15","0,992770177440315","0,995220129362742","0,002449951922","0,993844259360432","0,996469168491464","0,002624909131"
"chr11","chr14","0,992666114140096","0,995102011252272","0,002435897112","0,993740196060213","0,996240164273272","0,002499968213"
"chr14","chr3","0,996116831238303","0,993710305554203","0,002406525684","0,997254984259304","0,994813470536067","0,002441513723"
"chr12","chr14","0,991583956361467","0,993982959945729","0,002399003584","0,992536731607607","0,99512111296673","0,002584381359"
"chr18","chr22","0,982151285280601","0,984535293112696","0,002384007832","0,983263300017564","0,986172121783322","0,002908821766"
"chr19","chr9","0,990587143386699","0,988240428966152","0,002346714421","0,992844876034034","0,98918831839385","0,00365655764"
"chr15","chr9","0,993727512638763","0,991386667561468","0,002340845077","0,994976551767485","0,992334556989166","0,002641994778"
"chr2","chr9","0,994760028297086","0,997086238313957","0,002326210017","0,995842280564103","0,998034127741655","0,002191847178"
"chr12","chr15","0,991980363941867","0,994294101298901","0,002313737357","0,992933139188008","0,995543140427623","0,00261000124"
"chr15","chr8","0,995203588927817","0,992896564067314","0,002307024861","0,996452628056539","0,993952736921019","0,002499891136"
"chr14","chr8","0,994985855162042","0,992742317240478","0,002243537922","0,996124008183042","0,993798490094183","0,002325518089"
"chr1","chrX","0,995426043192551","0,997662228859081","0,002236185667","0,99662948006711","0,998766004777721","0,002136524711"
"chr1","chr12","0,995173424133689","0,997372813956031","0,002199389822","0,996376861008248","0,998325589202171","0,001948728194"
"chr2","chrX","0,995500020016817","0,997665930349781","0,002165910333","0,996582272283834","0,998769706268421","0,002187433985"
"chr13","chr4","0,996193413796883","0,994028464074141","0,002164949723","0,997316740127401","0,995152753703277","0,002163986424"
"chr15","chr18","0,990247090074758","0,992362733729948","0,002115643655","0,991496129203481","0,993474748466911","0,001978619263"
"chr15","chr4","0,995829093041876","0,993724278214262","0,002104814828","0,997078132170598","0,994848567843398","0,002229564327"
"chr12","chr2","0,997284083553394","0,995258986778245","0,002025096775","0,998236858799535","0,996341239045262","0,001895619754"
"chr18","chr19","0,987885748580951","0,985961651912188","0,001924096669","0,988997763317914","0,988219384559523","0,000778378758"
"chr10","chrX","0,994212319475322","0,996061205009537","0,001848885534","0,99540560976506","0,997164980928177","0,001759371163"
"chr14","chr4","0,995621585246498","0,993846419833789","0,001775165413","0,996759738267499","0,994970709462926","0,001789028805"
"chr1","chr11","0,995821697832346","0,997499606665502","0,001677908833","0,997025134706904","0,998573688585619","0,001548553879"
"chr1","chr8","0,995895905675193","0,997553970904844","0,00165806523","0,997099342549752","0,998610143758549","0,001510801209"
"chr13","chr20","0,990215460249795","0,988635385017346","0,001580075232","0,991338786580312","0,989991490327102","0,001347296253"
"chr11","chr2","0,997479363875912","0,995919368520075","0,001559995356","0,998553445796028","0,997001620787092","0,001551825009"
"chr2","chr8","0,995997163196478","0,997511466106764","0,00151430291","0,997079415463495","0,998567638960469","0,001488223497"
"chr7","chrX","0,995126056717717","0,996631320658525","0,001505263941","0,996285857403604","0,997735096577165","0,001449239174"
"chr13","chrX","0,995087913723095","0,993684761898921","0,001403151824","0,996211240053612","0,99478853781756","0,001422702236"
"chr10","chr9","0,993361162765911","0,994761113417147","0,001399950651","0,994554453055648","0,995709002844845","0,001154549789"
"chr13","chr14","0,992358897523586","0,990965514743726","0,00139338278","0,993482223854103","0,992103667764727","0,001378556089"
"chr16","chr7","0,994502497138746","0,993122993369413","0,001379503769","0,996165300447141","0,9942827940553","0,001882506392"
"chr1","chr10","0,995710364374103","0,99708853778216","0,001378173408","0,996913801248662","0,998281828071898","0,001368026823"
"chr17","chr7","0,99446233975773","0,993100704026611","0,001361635731","0,996226782048725","0,994260504712498","0,001966277336"
"chr5","chrX","0,99521063572341","0,996543711538526","0,001333075815","0,9962481232111","0,997647487457165","0,001399364246"
"chr1","chr5","0,996177392177892","0,997506558129835","0,001329165952","0,99738082905245","0,998544045617526","0,001163216565"
"chr7","chr9","0,99436207533953","0,995660531381892","0,001298456042","0,995521876025417","0,99660842080959","0,001086544784"
"chr6","chrX","0,995393807742156","0,996684690989549","0,001290883247","0,996508568827976","0,997788466908189","0,00127989808"
"chr1","chr4","0,99643563720652","0,997668839445394","0,001233202239","0,997639074081078","0,998793129074531","0,001154054993"
"chr2","chr4","0,996524515210224","0,997719291154194","0,001194775944","0,997606767477241","0,998843580783331","0,001236813306"
"chr17","chrX","0,992503331243086","0,993697458872834","0,00119412763","0,994267773534081","0,994801234791473","0,000533461257"
"chr20","chrX","0,992694526097129","0,991501226710602","0,001193299387","0,994050631406886","0,992605002629242","0,001445628778"
"chr2","chr5","0,996262349645055","0,997442728871978","0,001180379227","0,997344601912072","0,998480216359669","0,001135614448"
"chr10","chr12","0,993960609413996","0,995138029605209","0,001177420191","0,995153899703734","0,99609080485135","0,000936905148"
"chr10","chr2","0,996970699553113","0,995799032045212","0,001171667508","0,99816398984285","0,99688128431223","0,001282705531"
"chr9","chrX","0,99400639823311","0,995166262031324","0,001159863798","0,994954287660808","0,996270037949964","0,001315750289"
"chr16","chr3","0,994955522211838","0,993808522085359","0,001147000126","0,996618325520233","0,994911687067223","0,001706638453"
"chr13","chr18","0,99111657072353","0,992258682646693","0,001142111923","0,992239897054048","0,993370697383656","0,00113080033"
"chr10","chr16","0,992351145816066","0,993482518398897","0,001131372583","0,993544436105803","0,995145321707293","0,001600885601"
"chr16","chrX","0,992607313726749","0,993735226990151","0,001127913263","0,994270117035144","0,994839002908791","0,000568885874"
"chr1","chr6","0,996344898557908","0,997472262235928","0,001127363678","0,997548335432466","0,998587023321749","0,001038687889"
"chr3","chrX","0,995976352918835","0,997090628309754","0,001114275391","0,997079517900699","0,998194404228394","0,001114886328"
"chr17","chr3","0,994859110135296","0,993758294854675","0,001100815281","0,996623552426291","0,99486145983654","0,00176209259"
"chr12","chr7","0,995948045044399","0,99487481409734","0,001073230947","0,99690082029054","0,996034614783227","0,000866205507"
"chr1","chr7","0,996325981415354","0,997388225812975","0,001062244398","0,997529418289912","0,998548026498862","0,001018608209"
"chr2","chr6","0,996435385292408","0,997472105445396","0,001036720153","0,997517637559425","0,998586866531217","0,001069228972"
"chr15","chrX","0,994579778239238","0,993545869916489","0,001033908323","0,995828817367961","0,994649645835129","0,001179171533"
"chr16","chr6","0,994280874241413","0,993248070511211","0,00103280373","0,995943677549808","0,994362831597032","0,001580845953"
"chr15","chr19","0,987845694597646","0,988858551677882","0,00101285708","0,989094733726368","0,991116284325216","0,002021550599"
"chr10","chr17","0,992375333794731","0,993383100210972","0,001007766416","0,993568624084468","0,995147542501966","0,001578918417"
"chr12","chrX","0,994619517574003","0,995621609948316","0,001002092374","0,995572292820143","0,996725385866955","0,001153093047"
"chr17","chr6","0,994192640420031","0,993212067485232","0,000980572935","0,995957082711026","0,994326828571053","0,00163025414"
"chr17","chr9","0,991585935418727","0,992522695236676","0,000936759818","0,993350377709722","0,993470584664374","0,000120206955"
"chr8","chrX","0,995344435190556","0,99627083420087","0,00092639901","0,996400608044261","0,99737461011951","0,000974002075"
"chr13","chr15","0,992505045613104","0,991593717769535","0,000911327844","0,993628371943622","0,992842756898257","0,000785615045"
"chr2","chr7","0,996436577017055","0,997341571261954","0,000904994245","0,997518829284072","0,998501371947841","0,000982542664"
"chr1","chr3","0,996785503105239","0,997685088354663","0,000899585249","0,997988939979797","0,998788253336527","0,000799313357"
"chr6","chr9","0,994635176751633","0,995502034350858","0,000866857599","0,995749937837454","0,996449923778556","0,000699985941"
"chr3","chr9","0,995261544548087","0,996102522152772","0,000840977605","0,996364709529951","0,99705041158047","0,000685702051"
"chr11","chrX","0,99533231499961","0,996163426409684","0,00083111141","0,996406396919726","0,997267202328324","0,000860805409"
"chr2","chr3","0,996880411304639","0,997701780285262","0,000821368981","0,997962663571656","0,998804945267126","0,000842281695"
"chr16","chr9","0,991670621841497","0,992456324091751","0,00078570225","0,993333425149892","0,993404213519449","7,078837E-05"
"chr10","chr8","0,99495426758613","0,99570512731511","0,000750859729","0,996147557875867","0,996761300168815","0,000613742293"
"chr11","chr17","0,993165940081838","0,993909836001979","0,00074389592","0,994240022001955","0,995674278292974","0,001434256291"
"chr4","chrX","0,996049764708302","0,996788806175636","0,000739041467","0,997174054337439","0,997892582094275","0,000718527757"
"chr19","chr20","0,986286140733922","0,987017431588465","0,000731290855","0,988543873381256","0,988373536898221","0,000170336483"
"chr12","chr6","0,995852805074978","0,99513026245618","0,000722542619","0,996805580321119","0,996245023542","0,000560556779"
"chr12","chr3","0,996407845790566","0,995713572797699","0,000694272993","0,997360621036707","0,996816737779563","0,000543883257"
"chr11","chr16","0,993186727964906","0,993878742163131","0,000692014198","0,994260809885022","0,995541545471526","0,001280735587"
"chr5","chr9","0,994432952256175","0,995106188631666","0,000673236375","0,995470439743866","0,996054078059364","0,000583638315"
"chr7","chr8","0,995699310097661","0,9963585177025","0,000659207605","0,996859110783548","0,997414690556205","0,000555579773"
"chr13","chr19","0,987989899724584","0,987343738155716","0,000646161569","0,989113226055102","0,98960147080305","0,000488244748"
"chr11","chr7","0,996283750887325","0,995657834726012","0,000625916161","0,997357832807442","0,996817635411899","0,000540197396"
"chr14","chrX","0,994193925316198","0,993570080248103","0,000623845068","0,995332078337198","0,994673856166743","0,00065822217"
"chr11","chr9","0,994546314982266","0,995143985972342","0,00059767099","0,995620396902382","0,99609187540004","0,000471478498"
"chr12","chr5","0,995560275158387","0,994968853216264","0,000591421942","0,996513050404527","0,996006340703955","0,000506709701"
"chr11","chr3","0,996792223993776","0,996201778114638","0,000590445879","0,997866305913893","0,997304943096502","0,000561362817"
"chr10","chr4","0,995600639413093","0,996190931119136","0,000590291706","0,99679392970283","0,997315220748272","0,000521291045"
"chr16","chr5","0,993810042732187","0,993239946464336","0,000570096268","0,995472846040582","0,994277433952027","0,001195412089"
"chr10","chr11","0,995060049345978","0,995627978657113","0,000567929311","0,996253339635715","0,996702060577229","0,000448720942"
"chr11","chr6","0,996315267201106","0,995790801369934","0,000524465831","0,997389349121223","0,996905562455754","0,000483786665"
"chr16","chr4","0,994350225624252","0,993835739249197","0,000514486375","0,996013028932647","0,994960028878333","0,001053000054"
"chr12","chr17","0,992832866822726","0,992334975180144","0,000497891643","0,993785642068867","0,994099417471138","0,000313775402"
"chr3","chr8","0,996337113999526","0,996827129647532","0,000490015648","0,99744027898139","0,997883302501237","0,00044302352"
"chr17","chr4","0,994235091232464","0,993758691479421","0,000476399753","0,995999533523459","0,994882981108558","0,001116552415"
"chr17","chr5","0,993698868328072","0,993231211547171","0,000467656781","0,995463310619067","0,994268699034861","0,001194611584"
"chr4","chr7","0,996718056615636","0,996250819311579","0,000467237304","0,997842346244772","0,997410619997466","0,000431726247"
"chr6","chr8","0,995909589796966","0,996357780891266","0,000448191094","0,997024350882787","0,997413953744971","0,000389602862"
"chr12","chr16","0,992810483927704","0,992387565191115","0,000422918737","0,993763259173845","0,99405036849951","0,000287109326"
"chr10","chr5","0,995200274587337","0,995577998755449","0,000377724168","0,996393564877074","0,99661548624314","0,000221921366"
"chr4","chr5","0,99670136820221","0,996335729832947","0,000365638369","0,997825657831346","0,997373217320638","0,000452440511"
"chr4","chr6","0,996804133695412","0,996439012628086","0,000365121067","0,997928423324549","0,997553773713907","0,000374649611"
"chr5","chr8","0,995778809903763","0,99614364512629","0,000364835223","0,996816297391454","0,997199817979995","0,000383520589"
"chr11","chr5","0,996119999851338","0,995758269056449","0,000361730795","0,997194081771455","0,99679575654414","0,000398325227"
"chr3","chr4","0,996838393540331","0,997190022514075","0,000351628974","0,997941558522195","0,998314312143212","0,000372753621"
"chr5","chr7","0,99627557843495","0,995941075029471","0,000334503405","0,997313065922641","0,997100875715358","0,000212190207"
"chr11","chr12","0,995061676088112","0,995382388727594","0,000320712639","0,996135758008228","0,996335163973734","0,000199405966"
"chr14","chr20","0,989188282397391","0,988884826237734","0,00030345616","0,990326435418392","0,990240931547491","8,5503871E-05"
"chr8","chr9","0,994586924165615","0,994888655493579","0,000301731328","0,99564309701932","0,995836544921277","0,000193447902"
"chr16","chr8","0,993646688035477","0,993359028243609","0,000287659792","0,995309491343872","0,994415201097315","0,000894290247"
"chr12","chr8","0,995335519846743","0,995106145832304","0,000229374014","0,996288295092883","0,99616231868601","0,000125976407"
"chr15","chr20","0,989562276686899","0,98977728886951","0,000215012183","0,990811315815621","0,991133394179267","0,000322078364"
"chr4","chr9","0,995361042669585","0,995555979722671","0,000194937053","0,996485332298722","0,996503869150369","1,8536852E-05"
"chr17","chr8","0,99352890427981","0,993342012509167","0,000186891771","0,995293346570804","0,994398185362872","0,000895161208"
"chr6","chr7","0,996323516802232","0,996146166338928","0,000177350463","0,997438277888053","0,997305967024815","0,000132310863"
"chr10","chr6","0,995508539994848","0,995685144149982","0,000176604155","0,996701830284585","0,996799905235802","9,8074951E-05"
"chr14","chr19","0,987947775102965","0,987778538346975","0,000169236756","0,989085928123966","0,99003627099431","0,00095034287"
"chr11","chr4","0,996392026273506","0,996227680762175","0,000164345511","0,997466108193622","0,997351970391312","0,000114137802"
"chr12","chr4","0,995934625322105","0,995799807408682","0,000134817913","0,996887400568245","0,996924097037819","3,669647E-05"
"chr10","chr7","0,995607067862438","0,995478408661701","0,000128659201","0,996800358152175","0,996638209347588","0,000162148805"
"chr1","chr2","0,997437855270409","0,997563712960037","0,00012585769","0,998641292144968","0,998645965227055","4,673082E-06"
"chr3","chr5","0,996623417627695","0,996735182192259","0,000111764565","0,997726582609559","0,997772669679949","4,608707E-05"
"chr5","chr6","0,996265280427344","0,996178642350389","8,6638077E-05","0,997302767915035","0,99729340343621","9,364479E-06"
"chr12","chr9","0,993769067710361","0,993834243799471","6,5176089E-05","0,994721842956501","0,994782133227169","6,0290271E-05"
"chr16","chr17","0,991108883789901","0,991165165860269","5,628207E-05","0,992771687098296","0,992929608151264","0,000157921053"
"chr3","chr7","0,996671373275082","0,996624160561438","4,7212714E-05","0,997774538256946","0,997783961247325","9,42299E-06"
"chr3","chr6","0,996747934045471","0,99679312404528","4,519E-05","0,997851099027335","0,997907885131101","5,6786104E-05"
"chr14","chr15","0,991583946551121","0,991620891341197","3,694479E-05","0,992722099572122","0,992869930469919","0,000147830898"
"chr10","chr3","0,99609730591192","0,996125907232509","2,8601321E-05","0,997290596201657","0,997229072214373","6,1523987E-05"
"chr11","chr8","0,995846139932929","0,995872843972323","2,6704039E-05","0,996920221853045","0,996929016826029","8,794973E-06"
"chr4","chr8","0,996410462806067","0,996434017828667","2,3555023E-05","0,997534752435204","0,997490190682373","4,4561753E-05"
